{"cameraMode":{"drawMode":0,"name":"Shaded","section":"Shading Mode"},"sceneLighting":true,"audioPlay":false,"sceneViewState":{"m_AlwaysRefresh":false,"showFog":true,"showSkybox":true,"showFlares":true,"showImageEffects":true,"showParticleSystems":true,"showVisualEffectGraphs":true,"m_FxEnabled":true},"in2DMode":false,"pivot":{"x":-0.015430688858032227,"y":-2.0931897163391115,"z":0.70795738697052},"rotation":{"x":-0.14547009766101838,"y":0.7635421752929688,"z":-0.18467572331428529,"w":-0.6014460921287537},"size":7.116983890533447,"orthographic":false}